{"stockings":1.0000000000000002,"sole female":0.838709677419355,"schoolgirl uniform":0.8333333333333335,"group":0.7849462365591398,"big breasts":0.7043010752688172,"rape":0.575268817204301,"anal":0.5483870967741935,"nakadashi":0.5,"sole male":0.49462365591397855,"multi-work series":0.47849462365591405,"double penetration":0.44623655913978494,"bondage":0.40860215053763443,"netorare":0.39784946236559143,"sex toys":0.39784946236559143,"blowjob":0.3709677419354839,"glasses":0.3602150537634409,"defloration":0.33870967741935487,"dilf":0.32258064516129037,"mind break":0.3010752688172043,"mmf threesome":0.2956989247311828,"ahegao":0.2956989247311828,"tankoubon":0.2688172043010753,"lolicon":0.25806451612903225,"original":0.23655913978494625,"x-ray":0.23655913978494625,"full color":0.21505376344086025,"blackmail":0.20967741935483875,"bbm":0.20967741935483875,"pantyhose":0.16666666666666669,"collar":0.16129032258064518,"exhibitionism":0.15053763440860216,"ffm threesome":0.13440860215053765,"swimsuit":0.13440860215053765,"schoolboy uniform":0.13440860215053765,"teacher":0.12903225806451613,"drugs":0.11290322580645162,"kantai collection":0.10752688172043012,"bikini":0.10752688172043012,"incest":0.10752688172043012,"mosaic censorship":0.0967741935483871,"reizei":0.0913978494623656,"impregnation":0.0913978494623656,"cyclone":0.0913978494623656,"izumi":0.0913978494623656,"dark skin":0.07526881720430106,"mind control":0.07526881720430106,"blindfold":0.07526881720430106,"paizuri":0.06989247311827958,"love live":0.06989247311827958,"the idolmaster":0.06451612903225806,"harem":0.06451612903225806,"lingerie":0.06451612903225806,"sister":0.06451612903225806,"ponytail":0.05913978494623656,"cheating":0.05913978494623656,"mahou shoujo lyrical nanoha":0.05913978494623656,"story arc":0.05376344086021506,"sweating":0.04838709677419355,"maid":0.043010752688172046,"full censorship":0.043010752688172046,"garter belt":0.043010752688172046,"lactation":0.043010752688172046,"femdom":0.03763440860215053,"nanoha takamachi":0.03763440860215053,"fingering":0.03763440860215053,"to love-ru":0.03225806451612903,"condom":0.03225806451612903,"filming":0.03225806451612903,"prostitution":0.03225806451612903,"masturbation":0.03225806451612903,"chikan":0.03225806451612903,"shotacon":0.03225806451612903,"thigh high boots":0.02688172043010753,"twintails":0.021505376344086016,"unusual pupils":0.021505376344086016,"tentacles":0.016129032258064516,"golden darkness":0.016129032258064516,"english":0.016129032258064516,"magical girl":0.016129032258064516,"kimono":0.016129032258064516,"spanking":0.016129032258064516,"kichirock":0.010752688172043001,"urination":0.010752688172043001,"big ass":0.010752688172043001,"footjob":0.010752688172043001,"kotori minami":0.010752688172043001,"dai 6 kichi":0.010752688172043001,"sleeping":0.005376344086021501,"bald":0.005376344086021501,"teitoku":0.005376344086021501,"bunny girl":0.005376344086021501,"catgirl":0.005376344086021501,"handjob":0.005376344086021501,"dead or alive":0.005376344086021501,"slave":0.005376344086021501,"leotard":0.005376344086021501,"kissing":0.005376344086021501,"izurumi":0,"shiori fujisaki":0,"high risk revolution":0,"maki nishikino":0,"small breasts":0,"medaka box":0,"armpit sex":0,"aizawa hiroshi":0,"medaka kurokami":0,"milf":0,"neon genesis evangelion":0,"asuka langley soryu":0,"sugar berry syrup":0,"crowe":0,"uzuki shimamura":0,"nakayohi":0,"tokimeki memorial":0,"kasumi":0}